Workbook

Sheet Panduan & Ringkasan
A1: Panduan & Ringkasan
A2: Memberi panduan pakai singkat dan menampilkan ringkasan angka utama dari sheet transaksi, alokasi, dan saldo amplop.
A3: Isi sheet Transaksi setiap ada uang masuk atau keluar. Lalu buka sheet Alokasi Bulanan sekali sebulan untuk membagi pemasukan ke amplop digital. Cek sheet Dashboard Amplop untuk melihat apakah pajak, tabungan, dan biaya hidup sudah aman. Gunakan workbook ini 30 menit di akhir bulan atau awal bulan berikutnya.
A5: Bagian | B5: Keterangan | C5: Nilai
A6: Langkah 1 | B6: Catat semua pemasukan dan pengeluaran di sheet Transaksi | C6: =C6
A7: Langkah 2 | B7: Di sheet Alokasi Bulanan, isi target persen amplop dan realisasi pemasukan bulan ini | C7: =C7
A8: Langkah 3 | B8: Cek sheet Dashboard Amplop untuk melihat saldo aman dan kekurangan | C8: =C8
A9: Ringkasan | B9: Total pemasukan bulan ini | C9: =C9
A10: Ringkasan | B10: Total pengeluaran bulan ini | C10: =C10
A11: Ringkasan | B11: Arus kas bersih | C11: =C11
A12: Ringkasan | B12: Total alokasi ke amplop | C12: =C12
A13: Ringkasan | B13: Sisa belum teralokasi | C13: =C13
C14: =C14
C15: =C15
C16: =C16

Sheet Transaksi
A1: Transaksi
A2: Mencatat semua arus kas masuk dan keluar agar freelancer tahu pemasukan riil, biaya operasional, dan uang yang benar-benar bisa dipakai.
A3: Tambahkan satu baris untuk setiap transaksi. Pilih Jenis Transaksi dan Kategori. Isi nominal pada kolom yang sesuai. Kolom pemasukan hanya untuk uang masuk, kolom pengeluaran hanya untuk uang keluar. Gunakan kategori operasional untuk biaya kerja seperti internet, tools, transport kerja, atau fee platform.
A5: Tanggal | B5: Jenis Transaksi | C5: Sumber/Kategori | D5: Deskripsi | E5: Akun | F5: Pemasukan | G5: Pengeluaran | H5: Arus Kas Bersih | I5: Bulan
A6: 2026-09-01 | B6: Pemasukan | C6: Klien Retainer | D6: Pembayaran desain bulanan | E6: Bank Utama | F6: 6500000 | G6: 0 | H6: =F6-G6 | I6: =TEXT(A6,"mmmm yyyy")
A7: 2026-09-03 | B7: Pengeluaran | C7: Software/Tools | D7: Langganan Canva Pro | E7: Bank Utama | F7: 0 | G7: 145000 | H7: =F7-G7 | I7: =TEXT(A7,"mmmm yyyy")
A8: 2026-09-05 | B8: Pemasukan | C8: Proyek Sekali | D8: Landing page klien A | E8: Bank Utama | F8: 3200000 | G8: 0 | H8: =F8-G8 | I8: =TEXT(A8,"mmmm yyyy")
A9: 2026-09-06 | B9: Pengeluaran | C9: Internet | D9: Tagihan internet kerja | E9: E-Wallet | F9: 0 | G9: 350000 | H9: =F9-G9 | I9: =TEXT(A9,"mmmm yyyy")
A10: 2026-09-10 | B10: Pengeluaran | C10: Transport Kerja | D10: Meeting klien offline | E10: E-Wallet | F10: 0 | G10: 120000 | H10: =F10-G10 | I10: =TEXT(A10,"mmmm yyyy")
A11: 2026-09-12 | B11: Pemasukan | C11: Bonus | D11: Bonus revisi cepat | E11: Bank Utama | F11: 500000 | G11: 0 | H11: =F11-G11 | I11: =TEXT(A11,"mmmm yyyy")
A12: 2026-09-15 | B12: Pengeluaran | C12: Fee Platform | D12: Potongan marketplace freelance | E12: Bank Utama | F12: 0 | G12: 160000 | H12: =F12-G12 | I12: =TEXT(A12,"mmmm yyyy")
H13: =F13-G13 | I13: =TEXT(A13,"mmmm yyyy")
H14: =F14-G14 | I14: =TEXT(A14,"mmmm yyyy")
H15: =F15-G15 | I15: =TEXT(A15,"mmmm yyyy")
A17: Total Pemasukan | E17: =SUM(F6:F15)
A18: Total Pengeluaran | F18: =SUM(G6:G15)
A19: Arus Kas Bersih | G19: =SUM(H6:H15)

Sheet Alokasi Bulanan
A1: Alokasi Bulanan
A2: Mengubah pemasukan bulanan menjadi pembagian otomatis ke amplop digital agar freelancer tahu berapa yang aman dipakai dan berapa yang harus disisihkan.
A3: Buat satu baris per bulan. Isi total pemasukan bersih bulan itu. Tentukan persen target untuk setiap amplop sesuai kebutuhanmu. Jumlah persen idealnya 100%. Kolom nominal akan menghitung otomatis. Gunakan sheet ini saat sesi keuangan bulanan 30 menit.
A5: Bulan | B5: Pemasukan Bersih Bulan Ini | C5: Amplop | D5: Persen Target | E5: Nominal Target | F5: Nominal Sudah Dipindah | G5: Sisa Harus Dipindah
A6: September 2026 | B6: 9425000 | C6: Biaya Hidup | D6: 0.45 | E6: =B6*D6 | F6: 3500000 | G6: =E6-F6
A7: September 2026 | B7: 9425000 | C7: Operasional | D7: 0.15 | E7: =B7*D7 | F7: 800000 | G7: =E7-F7
A8: September 2026 | B8: 9425000 | C8: Pajak | D8: 0.2 | E8: =B8*D8 | F8: 1000000 | G8: =E8-F8
A9: September 2026 | B9: 9425000 | C9: Tabungan | D9: 0.1 | E9: =B9*D9 | F9: 500000 | G9: =E9-F9
A10: September 2026 | B10: 9425000 | C10: Dana Tenang | D10: 0.1 | E10: =B10*D10 | F10: 250000 | G10: =E10-F10
E11: =B11*D11 | G11: =E11-F11
E12: =B12*D12 | G12: =E12-F12
E13: =B13*D13 | G13: =E13-F13
A15: Total Persen | C15: =SUM(D6:D13)
A16: Total Nominal Target | D16: =SUM(E6:E13)
A17: Total Sudah Dipindah | E17: =SUM(F6:F13)
A18: Total Sisa | F18: =SUM(G6:G13)

Sheet Dashboard Amplop
A1: Dashboard Amplop
A2: Menampilkan saldo tiap amplop dan status aman atau belum, supaya pengguna cepat tahu prioritas keuangan bulan ini.
A3: Sheet ini mengambil angka dari Alokasi Bulanan. Fokus pada kolom Status. Jika status masih 'Kurang', pindahkan uang sesuai nominal kekurangan. Gunakan dashboard ini untuk mengambil keputusan cepat tanpa melihat semua transaksi satu per satu.
A5: Amplop | B5: Target Bulan Ini | C5: Sudah Dipindah | D5: Selisih | E5: Status | F5: Prioritas
A6: Biaya Hidup | B6: =SUMIFS('Alokasi Bulanan'!E:E,'Alokasi Bulanan'!C:C,A2) | C6: =SUMIFS('Alokasi Bulanan'!F:F,'Alokasi Bulanan'!C:C,A2) | D6: =B6-C6 | E6: =IF(D6<=0,"Aman","Kurang") | F6: Tinggi
A7: Operasional | B7: =SUMIFS('Alokasi Bulanan'!E:E,'Alokasi Bulanan'!C:C,A3) | C7: =SUMIFS('Alokasi Bulanan'!F:F,'Alokasi Bulanan'!C:C,A3) | D7: =B7-C7 | E7: =IF(D7<=0,"Aman","Kurang") | F7: Sedang
A8: Pajak | B8: =SUMIFS('Alokasi Bulanan'!E:E,'Alokasi Bulanan'!C:C,A4) | C8: =SUMIFS('Alokasi Bulanan'!F:F,'Alokasi Bulanan'!C:C,A4) | D8: =B8-C8 | E8: =IF(D8<=0,"Aman","Kurang") | F8: Sangat Tinggi
A9: Tabungan | B9: =SUMIFS('Alokasi Bulanan'!E:E,'Alokasi Bulanan'!C:C,A5) | C9: =SUMIFS('Alokasi Bulanan'!F:F,'Alokasi Bulanan'!C:C,A5) | D9: =B9-C9 | E9: =IF(D9<=0,"Aman","Kurang") | F9: Tinggi
A10: Dana Tenang | B10: =SUMIFS('Alokasi Bulanan'!E:E,'Alokasi Bulanan'!C:C,A6) | C10: =SUMIFS('Alokasi Bulanan'!F:F,'Alokasi Bulanan'!C:C,A6) | D10: =B10-C10 | E10: =IF(D10<=0,"Aman","Kurang") | F10: Tinggi
D11: =B11-C11 | E11: =IF(D11<=0,"Aman","Kurang")
D12: =B12-C12 | E12: =IF(D12<=0,"Aman","Kurang")
D13: =B13-C13 | E13: =IF(D13<=0,"Aman","Kurang")
A15: =SUM(B6:B13)
A16: Total Sudah Dipindah | B16: =SUM(C6:C13)
A17: Total Selisih | C17: =SUM(D6:D13)
