Workbook

Sheet Diagnostic Test
A1: Diagnostic Test
A2: Let a student complete a short algebra readiness check, self-score it, and classify each question by skill gap area.
A3: Work down the questions in order. Enter your answer in Student Answer. After solving, mark Correct as Yes or No. Use the Skill Area column to see which topic each question measures. The Score column converts Yes to 1 and No to 0 for summary totals on the second sheet.
A5: Q# | B5: Skill Area | C5: Question | D5: Student Answer | E5: Correct Answer | F5: Correct? | G5: Score | H5: Notes
A6: 1 | B6: Equation Solving | C6: Solve: x + 7 = 15 | E6: 8 | G6: =IF(F6="Yes",1,0)
A7: 2 | B7: Equation Solving | C7: Solve: 3x = 21 | E7: 7 | G7: =IF(F7="Yes",1,0)
A8: 3 | B8: Sign Handling | C8: Simplify: -4 + 9 | E8: 5 | G8: =IF(F8="Yes",1,0)
A9: 4 | B9: Sign Handling | C9: Simplify: 6 - 11 | E9: -5 | G9: =IF(F9="Yes",1,0)
A10: 5 | B10: Fractions | C10: Compute: 1/2 + 1/4 | E10: 3/4 | G10: =IF(F10="Yes",1,0)
A11: 6 | B11: Fractions | C11: Solve: x/3 = 5 | E11: 15 | G11: =IF(F11="Yes",1,0)
A12: 7 | B12: Distribution | C12: Expand: 3(x + 4) | E12: 3x + 12 | G12: =IF(F12="Yes",1,0)
A13: 8 | B13: Distribution | C13: Expand: -2(y - 5) | E13: -2y + 10 | G13: =IF(F13="Yes",1,0)
A14: 9 | B14: Simplifying Expressions | C14: Simplify: 2x + 5x - 3 | E14: 7x - 3 | G14: =IF(F14="Yes",1,0)
A15: 10 | B15: Simplifying Expressions | C15: Simplify: 4a - 2a + 6 | E15: 2a + 6 | G15: =IF(F15="Yes",1,0)
A16: 11 | B16: Word-Problem Translation | C16: Write an expression: 'five more than twice n' | E16: 2n + 5 | G16: =IF(F16="Yes",1,0)
A17: 12 | B17: Word-Problem Translation | C17: Write an equation: 'A number x decreased by 3 is 10' | E17: x - 3 = 10 | G17: =IF(F17="Yes",1,0)
G18: =IF(F18="Yes",1,0)
G19: =IF(F19="Yes",1,0)
G20: =IF(F20="Yes",1,0)
A22: Total Correct | F22: =SUM(G2:G13)

Sheet Results Summary
A1: Results Summary
A2: Summarize performance by skill area and identify the student's biggest algebra readiness gap and best starting point.
A3: After finishing the Diagnostic Test sheet, review this summary. Enter nothing except optional notes. The Correct, Total, and Accuracy columns calculate from the first sheet. Use the Recommended Start column to decide where to begin in the book.
A5: Skill Area | B5: Correct | C5: Total Questions | D5: Accuracy | E5: Status | F5: Recommended Start
A6: Equation Solving | B6: =COUNTIFS('Diagnostic Test'!B:B,A6,'Diagnostic Test'!F:F,"Yes") | C6: =COUNTIF('Diagnostic Test'!B:B,A6) | D6: =IF(C6=0,0,B6/C6) | E6: =IF(D6<0.5,"Priority Gap",IF(D6<0.8,"Needs Review","Solid")) | F6: =IF(E6="Priority Gap","Start here first",IF(E6="Needs Review","Review soon","Brief review only"))
A7: Sign Handling | B7: =COUNTIFS('Diagnostic Test'!B:B,A7,'Diagnostic Test'!F:F,"Yes") | C7: =COUNTIF('Diagnostic Test'!B:B,A7) | D7: =IF(C7=0,0,B7/C7) | E7: =IF(D7<0.5,"Priority Gap",IF(D7<0.8,"Needs Review","Solid")) | F7: =IF(E7="Priority Gap","Start here first",IF(E7="Needs Review","Review soon","Brief review only"))
A8: Fractions | B8: =COUNTIFS('Diagnostic Test'!B:B,A8,'Diagnostic Test'!F:F,"Yes") | C8: =COUNTIF('Diagnostic Test'!B:B,A8) | D8: =IF(C8=0,0,B8/C8) | E8: =IF(D8<0.5,"Priority Gap",IF(D8<0.8,"Needs Review","Solid")) | F8: =IF(E8="Priority Gap","Start here first",IF(E8="Needs Review","Review soon","Brief review only"))
A9: Distribution | B9: =COUNTIFS('Diagnostic Test'!B:B,A9,'Diagnostic Test'!F:F,"Yes") | C9: =COUNTIF('Diagnostic Test'!B:B,A9) | D9: =IF(C9=0,0,B9/C9) | E9: =IF(D9<0.5,"Priority Gap",IF(D9<0.8,"Needs Review","Solid")) | F9: =IF(E9="Priority Gap","Start here first",IF(E9="Needs Review","Review soon","Brief review only"))
A10: Simplifying Expressions | B10: =COUNTIFS('Diagnostic Test'!B:B,A10,'Diagnostic Test'!F:F,"Yes") | C10: =COUNTIF('Diagnostic Test'!B:B,A10) | D10: =IF(C10=0,0,B10/C10) | E10: =IF(D10<0.5,"Priority Gap",IF(D10<0.8,"Needs Review","Solid")) | F10: =IF(E10="Priority Gap","Start here first",IF(E10="Needs Review","Review soon","Brief review only"))
A11: Word-Problem Translation | B11: =COUNTIFS('Diagnostic Test'!B:B,A11,'Diagnostic Test'!F:F,"Yes") | C11: =COUNTIF('Diagnostic Test'!B:B,A11) | D11: =IF(C11=0,0,B11/C11) | E11: =IF(D11<0.5,"Priority Gap",IF(D11<0.8,"Needs Review","Solid")) | F11: =IF(E11="Priority Gap","Start here first",IF(E11="Needs Review","Review soon","Brief review only"))
B12: =COUNTIFS('Diagnostic Test'!B:B,A12,'Diagnostic Test'!F:F,"Yes") | C12: =COUNTIF('Diagnostic Test'!B:B,A12) | D12: =IF(C12=0,0,B12/C12) | E12: =IF(D12<0.5,"Priority Gap",IF(D12<0.8,"Needs Review","Solid")) | F12: =IF(E12="Priority Gap","Start here first",IF(E12="Needs Review","Review soon","Brief review only"))
B13: =COUNTIFS('Diagnostic Test'!B:B,A13,'Diagnostic Test'!F:F,"Yes") | C13: =COUNTIF('Diagnostic Test'!B:B,A13) | D13: =IF(C13=0,0,B13/C13) | E13: =IF(D13<0.5,"Priority Gap",IF(D13<0.8,"Needs Review","Solid")) | F13: =IF(E13="Priority Gap","Start here first",IF(E13="Needs Review","Review soon","Brief review only"))
B14: =COUNTIFS('Diagnostic Test'!B:B,A14,'Diagnostic Test'!F:F,"Yes") | C14: =COUNTIF('Diagnostic Test'!B:B,A14) | D14: =IF(C14=0,0,B14/C14) | E14: =IF(D14<0.5,"Priority Gap",IF(D14<0.8,"Needs Review","Solid")) | F14: =IF(E14="Priority Gap","Start here first",IF(E14="Needs Review","Review soon","Brief review only"))
A16: Overall Accuracy | C16: =SUM(B2:B7)/SUM(C2:C7)
