Workbook

Sheet Mistake Log
A1: Mistake Log
A2: Record algebra mistakes, identify patterns, and practice corrected reasoning so repeated errors turn into understanding.
A3: Use one row per mistake. Enter the date, topic, original problem, your wrong answer, the correct answer, and classify the mistake. Briefly note what caused it and write the corrected reasoning in plain steps. Set a review date and update the status after you retry a similar problem.
A5: Date | B5: Topic | C5: Original Problem | D5: My Wrong Answer | E5: Correct Answer | F5: Mistake Type | G5: Cause | H5: Corrected Reasoning | I5: Review Date | J5: Status | K5: Days to Review
A6: 2026-09-01 | B6: Solving Equations | C6: 3x + 5 = 17 | D6: x = 7 | E6: x = 4 | F6: Inverse Operation Error | G6: Skipped Step | H6: Subtract 5 from both sides first: 3x = 12, then divide by 3 to get x = 4. | I6: 2026-09-03 | J6: Reviewed Once | K6: =I6-A6
A7: 2026-09-01 | B7: Combining Like Terms | C7: 4x + 3 + 2x - 5 | D7: 9x - 5 | E7: 6x - 2 | F7: Combined Unlike Terms | G7: Did Not Understand Concept | H7: Combine x-terms only: 4x + 2x = 6x. Combine constants only: 3 - 5 = -2. | I7: 2026-09-04 | J7: New | K7: =I7-A7
A8: 2026-09-02 | B8: Distributive Property | C8: 2(x - 3) | D8: 2x - 3 | E8: 2x - 6 | F8: Distribution Error | G8: Forgot Rule | H8: Distribute 2 to both terms inside the parentheses: 2·x and 2·(-3). | I8: 2026-09-05 | J8: Need More Practice | K8: =I8-A8
A9: 2026-09-02 | B9: Fractions | C9: 1/2 + 1/3 | D9: 2/5 | E9: 5/6 | F9: Fraction Mistake | G9: Weak Fraction Skills | H9: Use a common denominator of 6: 1/2 = 3/6 and 1/3 = 2/6, then add to get 5/6. | I9: 2026-09-06 | J9: New | K9: =I9-A9
A10: 2026-09-03 | B10: Exponents | C10: x^2 · x^3 | D10: x^6 | E10: x^5 | F10: Exponent Rule Error | G10: Forgot Rule | H10: When multiplying same bases, add exponents: 2 + 3 = 5. | I10: 2026-09-07 | J10: Reviewed Once | K10: =I10-A10
A11: 2026-09-03 | B11: Inequalities | C11: -2x > 8 | D11: x > -4 | E11: x < -4 | F11: Sign Error | G11: Negative Number Confusion | H11: Divide both sides by -2 and reverse the inequality sign. | I11: 2026-09-08 | J11: Need More Practice | K11: =I11-A11
A12: 2026-09-04 | B12: Systems of Equations | C12: y = 2x + 1 and y = x + 4 | D12: x = 1 | E12: x = 3 | F12: Equation Setup Error | G12: Set Up Wrong | H12: Set the expressions for y equal: 2x + 1 = x + 4. Subtract x and 1 to get x = 3. | I12: 2026-09-09 | J12: New | K12: =I12-A12
A13: 2026-09-04 | B13: Factoring | C13: x^2 + 5x + 6 | D13: (x + 6)(x - 1) | E13: (x + 2)(x + 3) | F13: Arithmetic Slip | G13: Rushed | H13: Find two numbers that multiply to 6 and add to 5: 2 and 3. | I13: 2026-09-10 | J13: Reviewed Once | K13: =I13-A13
K14: =I14-A14
K15: =I15-A15
K16: =I16-A16
A18: Total Mistakes Logged | B18: =COUNTA(C2:C999)
A19: Mastered Mistakes | J19: =COUNTIF(J2:J999,"Mastered")
A20: Need More Practice | J20: =COUNTIF(J2:J999,"Need More Practice")

Sheet Pattern Summary
A1: Pattern Summary
A2: Summarize which mistake types and causes happen most often so the student can target weak spots.
A3: Review the counts to spot repeated errors. Update the labels if you want to track fewer categories, but keep them matched to the dropdown choices used in the Mistake Log sheet.
A5: Category Type | B5: Category | C5: Count | D5: Focus Priority | E5: Action Step
A6: Mistake Type | B6: Sign Error | C6: =IF(A6="Mistake Type",COUNTIF('Mistake Log'!F:F,B6),COUNTIF('Mistake Log'!G:G,B6)) | D6: High | E6: Redo 5 negative-number problems slowly and check each sign change.
A7: Mistake Type | B7: Distribution Error | C7: =IF(A7="Mistake Type",COUNTIF('Mistake Log'!F:F,B7),COUNTIF('Mistake Log'!G:G,B7)) | D7: Medium | E7: Underline every term inside parentheses before distributing.
A8: Mistake Type | B8: Fraction Mistake | C8: =IF(A8="Mistake Type",COUNTIF('Mistake Log'!F:F,B8),COUNTIF('Mistake Log'!G:G,B8)) | D8: High | E8: Practice common denominators with 10 fraction addition problems.
A9: Mistake Type | B9: Exponent Rule Error | C9: =IF(A9="Mistake Type",COUNTIF('Mistake Log'!F:F,B9),COUNTIF('Mistake Log'!G:G,B9)) | D9: Medium | E9: Make a one-line rule card for multiplying and dividing exponents.
A10: Cause | B10: Rushed | C10: =IF(A10="Mistake Type",COUNTIF('Mistake Log'!F:F,B10),COUNTIF('Mistake Log'!G:G,B10)) | D10: High | E10: Set a rule to pause and check each final answer before moving on.
A11: Cause | B11: Forgot Rule | C11: =IF(A11="Mistake Type",COUNTIF('Mistake Log'!F:F,B11),COUNTIF('Mistake Log'!G:G,B11)) | D11: High | E11: Review one rule summary before starting homework.
A12: Cause | B12: Skipped Step | C12: =IF(A12="Mistake Type",COUNTIF('Mistake Log'!F:F,B12),COUNTIF('Mistake Log'!G:G,B12)) | D12: Medium | E12: Write every algebra step on a new line for the next 3 assignments.
C13: =IF(A13="Mistake Type",COUNTIF('Mistake Log'!F:F,B13),COUNTIF('Mistake Log'!G:G,B13))
C14: =IF(A14="Mistake Type",COUNTIF('Mistake Log'!F:F,B14),COUNTIF('Mistake Log'!G:G,B14))
C15: =IF(A15="Mistake Type",COUNTIF('Mistake Log'!F:F,B15),COUNTIF('Mistake Log'!G:G,B15))
A17: Total Counted Entries | C17: =SUM(C2:C999)
