Workbook

Sheet Panduan & Ringkasan
A1: Panduan & Ringkasan
A2: Menjelaskan cara pakai workbook dan menjadi pusat ringkasan kondisi keuangan bulan berjalan.
A3: Isi sheet Pengaturan sekali di awal. Lalu setiap ada uang masuk/keluar, catat di sheet Transaksi. Gunakan kategori dan akun agar ringkasan terbaca otomatis. Di akhir bulan, buka sheet ini selama 30 menit untuk melihat total pemasukan, total pengeluaran, sisa kas, jumlah yang harus dipindahkan ke amplop digital, dan cek apakah dana aman minimum sudah terpenuhi.
A5: Bagian | B5: Nilai | C5: Keterangan
A6: Cara Pakai | B6: =B6 | C6: Set sekali, lalu dipakai berulang tiap bulan
A7: Langkah Mingguan | B7: =B7 | C7: Minimal seminggu sekali agar data tidak tertinggal
A8: Review Bulanan | B8: =B8 | C8: Butuh sekitar 30 menit
A9: Total Pemasukan | B9: =B9 | C9: Semua pemasukan tercatat
A10: Total Pengeluaran | B10: =B10 | C10: Semua pengeluaran tercatat
A11: Arus Kas Bersih | B11: =B11 | C11: Positif = ada ruang untuk dialokasikan
A12: Setoran Pajak Disarankan | B12: =B12 | C12: Akumulasi penyisihan pajak dari setiap pemasukan
A13: Sisa Belum Dialokasikan | B13: =B13 | C13: Gunakan untuk buffer atau target lain
B14: =B14
B15: =B15
B16: =B16

Sheet Pengaturan
A1: Pengaturan
A2: Menyimpan persentase amplop digital, target dana aman, dan parameter dasar agar perhitungan otomatis sesuai kondisi freelancer.
A3: Isi nama amplop, persentase alokasi dari pemasukan, dan saldo target. Total persentase amplop sebaiknya tidak melebihi 100%. Baris Pajak dan Dana Aman adalah yang paling penting untuk diprioritaskan saat pemasukan masuk.
A5: Amplop Digital | B5: Prioritas | C5: Persentase dari Pemasukan | D5: Target Saldo | E5: Saldo Saat Ini | F5: Setoran Bulan Ini Disarankan | G5: Sisa Menuju Target
A6: Pajak | B6: 1 | C6: 0.1 | D6: 6000000 | E6: 1800000 | F6: =SUMIF(Transaksi!$C:$C,"Pemasukan",Transaksi!$H:$H)*C6 | G6: =MAX(D6-E6,0)
A7: Dana Aman | B7: 2 | C7: 0.15 | D7: 12000000 | E7: 4500000 | F7: =SUMIF(Transaksi!$C:$C,"Pemasukan",Transaksi!$H:$H)*C7 | G7: =MAX(D7-E7,0)
A8: Biaya Hidup | B8: 3 | C8: 0.4 | D8: 0 | E8: 2500000 | F8: =SUMIF(Transaksi!$C:$C,"Pemasukan",Transaksi!$H:$H)*C8 | G8: =MAX(D8-E8,0)
A9: Tabungan Tujuan | B9: 4 | C9: 0.15 | D9: 8000000 | E9: 1200000 | F9: =SUMIF(Transaksi!$C:$C,"Pemasukan",Transaksi!$H:$H)*C9 | G9: =MAX(D9-E9,0)
A10: Operasional | B10: 5 | C10: 0.1 | D10: 0 | E10: 900000 | F10: =SUMIF(Transaksi!$C:$C,"Pemasukan",Transaksi!$H:$H)*C10 | G10: =MAX(D10-E10,0)
F11: =SUMIF(Transaksi!$C:$C,"Pemasukan",Transaksi!$H:$H)*C11 | G11: =MAX(D11-E11,0)
F12: =SUMIF(Transaksi!$C:$C,"Pemasukan",Transaksi!$H:$H)*C12 | G12: =MAX(D12-E12,0)
F13: =SUMIF(Transaksi!$C:$C,"Pemasukan",Transaksi!$H:$H)*C13 | G13: =MAX(D13-E13,0)
A15: Total Persentase Amplop | B15: =SUM(C6:C13)
A16: Total Setoran Disarankan | E16: =SUM(F6:F13)
A17: Total Kekurangan ke Target | F17: =SUM(G6:G13)

Sheet Transaksi
A1: Transaksi
A2: Mencatat semua pemasukan dan pengeluaran agar alokasi uang dan ringkasan berjalan otomatis.
A3: Setiap transaksi isi tanggal, jenis, kategori, klien/sumber, akun, dan nominal. Untuk pemasukan, persentase amplop akan dihitung otomatis termasuk rekomendasi setoran pajak. Untuk pengeluaran, kolom alokasi bisa dibiarkan nol. Gunakan catatan untuk invoice, proyek, atau kebutuhan bukti.
A5: Tanggal | B5: Bulan | C5: Jenis | D5: Kategori | E5: Klien/Sumber | F5: Akun | G5: Keterangan | H5: Nominal | I5: Alokasi Pajak | J5: Alokasi Dana Aman | K5: Alokasi Tabungan Tujuan | L5: Sisa Siap Pakai
A6: 2026-09-01 | B6: =TEXT(A6,"mmmm yyyy") | C6: Pemasukan | D6: Proyek Klien | E6: PT Maju Kreatif | F6: Bank BCA | G6: Pelunasan desain website | H6: 4500000 | I6: =IF(C6="Pemasukan",H6*XLOOKUP("Pajak",Pengaturan!A:A,Pengaturan!C:C,0),0) | J6: =IF(C6="Pemasukan",H6*XLOOKUP("Dana Aman",Pengaturan!A:A,Pengaturan!C:C,0),0) | K6: =IF(C6="Pemasukan",H6*XLOOKUP("Tabungan Tujuan",Pengaturan!A:A,Pengaturan!C:C,0),0) | L6: =IF(C6="Pemasukan",H6-I6-J6-K6,-H6)
A7: 2026-09-03 | B7: =TEXT(A7,"mmmm yyyy") | C7: Pengeluaran | D7: Software | E7: Adobe | F7: Bank Jago | G7: Langganan bulanan | H7: 289000 | I7: =IF(C7="Pemasukan",H7*XLOOKUP("Pajak",Pengaturan!A:A,Pengaturan!C:C,0),0) | J7: =IF(C7="Pemasukan",H7*XLOOKUP("Dana Aman",Pengaturan!A:A,Pengaturan!C:C,0),0) | K7: =IF(C7="Pemasukan",H7*XLOOKUP("Tabungan Tujuan",Pengaturan!A:A,Pengaturan!C:C,0),0) | L7: =IF(C7="Pemasukan",H7-I7-J7-K7,-H7)
A8: 2026-09-05 | B8: =TEXT(A8,"mmmm yyyy") | C8: Pemasukan | D8: Retainer | E8: Startup Lokal | F8: Bank BCA | G8: Fee konten bulanan | H8: 3000000 | I8: =IF(C8="Pemasukan",H8*XLOOKUP("Pajak",Pengaturan!A:A,Pengaturan!C:C,0),0) | J8: =IF(C8="Pemasukan",H8*XLOOKUP("Dana Aman",Pengaturan!A:A,Pengaturan!C:C,0),0) | K8: =IF(C8="Pemasukan",H8*XLOOKUP("Tabungan Tujuan",Pengaturan!A:A,Pengaturan!C:C,0),0) | L8: =IF(C8="Pemasukan",H8-I8-J8-K8,-H8)
A9: 2026-09-07 | B9: =TEXT(A9,"mmmm yyyy") | C9: Pengeluaran | D9: Internet | E9: Biznet | F9: Bank BCA | G9: Tagihan internet kerja | H9: 375000 | I9: =IF(C9="Pemasukan",H9*XLOOKUP("Pajak",Pengaturan!A:A,Pengaturan!C:C,0),0) | J9: =IF(C9="Pemasukan",H9*XLOOKUP("Dana Aman",Pengaturan!A:A,Pengaturan!C:C,0),0) | K9: =IF(C9="Pemasukan",H9*XLOOKUP("Tabungan Tujuan",Pengaturan!A:A,Pengaturan!C:C,0),0) | L9: =IF(C9="Pemasukan",H9-I9-J9-K9,-H9)
A10: 2026-09-12 | B10: =TEXT(A10,"mmmm yyyy") | C10: Pemasukan | D10: Bonus | E10: Klien Lama | F10: OVO | G10: Bonus revisi cepat | H10: 750000 | I10: =IF(C10="Pemasukan",H10*XLOOKUP("Pajak",Pengaturan!A:A,Pengaturan!C:C,0),0) | J10: =IF(C10="Pemasukan",H10*XLOOKUP("Dana Aman",Pengaturan!A:A,Pengaturan!C:C,0),0) | K10: =IF(C10="Pemasukan",H10*XLOOKUP("Tabungan Tujuan",Pengaturan!A:A,Pengaturan!C:C,0),0) | L10: =IF(C10="Pemasukan",H10-I10-J10-K10,-H10)
A11: 2026-09-18 | B11: =TEXT(A11,"mmmm yyyy") | C11: Pengeluaran | D11: Biaya Hidup | E11: Kebutuhan Rumah | F11: GoPay | G11: Belanja mingguan | H11: 620000 | I11: =IF(C11="Pemasukan",H11*XLOOKUP("Pajak",Pengaturan!A:A,Pengaturan!C:C,0),0) | J11: =IF(C11="Pemasukan",H11*XLOOKUP("Dana Aman",Pengaturan!A:A,Pengaturan!C:C,0),0) | K11: =IF(C11="Pemasukan",H11*XLOOKUP("Tabungan Tujuan",Pengaturan!A:A,Pengaturan!C:C,0),0) | L11: =IF(C11="Pemasukan",H11-I11-J11-K11,-H11)
B12: =TEXT(A12,"mmmm yyyy") | I12: =IF(C12="Pemasukan",H12*XLOOKUP("Pajak",Pengaturan!A:A,Pengaturan!C:C,0),0) | J12: =IF(C12="Pemasukan",H12*XLOOKUP("Dana Aman",Pengaturan!A:A,Pengaturan!C:C,0),0) | K12: =IF(C12="Pemasukan",H12*XLOOKUP("Tabungan Tujuan",Pengaturan!A:A,Pengaturan!C:C,0),0) | L12: =IF(C12="Pemasukan",H12-I12-J12-K12,-H12)
B13: =TEXT(A13,"mmmm yyyy") | I13: =IF(C13="Pemasukan",H13*XLOOKUP("Pajak",Pengaturan!A:A,Pengaturan!C:C,0),0) | J13: =IF(C13="Pemasukan",H13*XLOOKUP("Dana Aman",Pengaturan!A:A,Pengaturan!C:C,0),0) | K13: =IF(C13="Pemasukan",H13*XLOOKUP("Tabungan Tujuan",Pengaturan!A:A,Pengaturan!C:C,0),0) | L13: =IF(C13="Pemasukan",H13-I13-J13-K13,-H13)
B14: =TEXT(A14,"mmmm yyyy") | I14: =IF(C14="Pemasukan",H14*XLOOKUP("Pajak",Pengaturan!A:A,Pengaturan!C:C,0),0) | J14: =IF(C14="Pemasukan",H14*XLOOKUP("Dana Aman",Pengaturan!A:A,Pengaturan!C:C,0),0) | K14: =IF(C14="Pemasukan",H14*XLOOKUP("Tabungan Tujuan",Pengaturan!A:A,Pengaturan!C:C,0),0) | L14: =IF(C14="Pemasukan",H14-I14-J14-K14,-H14)
A16: Total Nominal | G16: =SUM(H6:H14)
A17: Total Alokasi Pajak | H17: =SUM(I6:I14)
A18: Total Alokasi Dana Aman | I18: =SUM(J6:J14)
A19: Total Alokasi Tabungan Tujuan | J19: =SUM(K6:K14)
A20: Total Sisa Siap Pakai | K20: =SUM(L6:L14)
