Workbook

Sheet Petunjuk & Ringkasan
A1: Petunjuk & Ringkasan
A2: Memberi panduan penggunaan workbook dan menampilkan ringkasan KPI utama dari lembar lain agar kondisi keuangan langsung terlihat.
A3: Isi dulu sheet Aturan Kantong dengan persentase target. Lalu catat semua pemasukan di sheet Transaksi Masuk. Setiap baris pemasukan akan otomatis dibagi ke kantong sesuai aturan aktif. Gunakan kolom top up untuk melihat kantong mana yang masih di bawah target. Ringkasan di sheet ini dipakai sebagai dashboard cepat bulanan.
A5: Item Ringkasan | B5: Nilai | C5: Catatan
A6: Total pemasukan tercatat | B6: =B6 | C6: Semua pemasukan kotor yang masuk
A7: Total ke kantong pajak | B7: =B7 | C7: Dana yang seharusnya langsung diamankan
A8: Total ke tabungan | B8: =B8 | C8: Akumulasi tabungan dari semua pemasukan
A9: Total ke operasional | B9: =B9 | C9: Dana untuk tools, vendor, biaya kerja
A10: Total ke pribadi | B10: =B10 | C10: Dana yang relatif aman dipakai
A11: Sisa belum teralokasi | B11: =B11 | C11: Idealnya nol jika total persentase 100%
A12: Rasio aman dipakai | B12: =B12 | C12: Porsi pemasukan yang masuk ke kantong pribadi
B13: =B13
B14: =B14
B15: =B15

Sheet Aturan Kantong
A1: Aturan Kantong
A2: Menetapkan aturan alokasi otomatis per sumber pemasukan beserta target saldo minimum setiap kantong.
A3: Buat satu baris untuk setiap sumber pemasukan atau skenario. Persentase total idealnya 100%. Kolom cek total akan memberi peringatan jika belum pas. Gunakan target minimum untuk mengetahui kebutuhan top up per kantong di dashboard atau analisis manual.
A5: Nama Aturan | B5: Sumber Pemasukan | C5: Pajak % | D5: Tabungan % | E5: Operasional % | F5: Pribadi % | G5: Dana Darurat % | H5: Total % | I5: Status Aturan | J5: Target Minimum Pajak | K5: Target Minimum Tabungan | L5: Target Minimum Operasional | M5: Target Minimum Dana Darurat
A6: Default Freelancer | B6: Lainnya | C6: 0.15 | D6: 0.15 | E6: 0.2 | F6: 0.4 | G6: 0.1 | H6: =C6+D6+E6+F6+G6 | I6: =IF(H6=100%,"OK","Cek Total") | J6: 5000000 | K6: 10000000 | L6: 3000000 | M6: 15000000
A7: Retainer Stabil | B7: Klien Retainer | C7: 0.12 | D7: 0.18 | E7: 0.15 | F7: 0.45 | G7: 0.1 | H7: =C7+D7+E7+F7+G7 | I7: =IF(H7=100%,"OK","Cek Total") | J7: 5000000 | K7: 12000000 | L7: 2500000 | M7: 15000000
A8: Proyek Besar | B8: Proyek Sekali | C8: 0.2 | D8: 0.2 | E8: 0.2 | F8: 0.3 | G8: 0.1 | H8: =C8+D8+E8+F8+G8 | I8: =IF(H8=100%,"OK","Cek Total") | J8: 8000000 | K8: 15000000 | L8: 4000000 | M8: 20000000
A9: Konsultasi Cepat | B9: Konsultasi | C9: 0.1 | D9: 0.1 | E9: 0.1 | F9: 0.55 | G9: 0.15 | H9: =C9+D9+E9+F9+G9 | I9: =IF(H9=100%,"OK","Cek Total") | J9: 3000000 | K9: 8000000 | L9: 2000000 | M9: 10000000
H10: =C10+D10+E10+F10+G10 | I10: =IF(H10=100%,"OK","Cek Total")
H11: =C11+D11+E11+F11+G11 | I11: =IF(H11=100%,"OK","Cek Total")
H12: =C12+D12+E12+F12+G12 | I12: =IF(H12=100%,"OK","Cek Total")

Sheet Transaksi Masuk
A1: Transaksi Masuk
A2: Mencatat setiap pemasukan dan menghitung pembagian otomatis ke tiap kantong berdasarkan aturan yang dipilih.
A3: Isi tanggal, sumber, nama klien/proyek, nominal pemasukan, dan pilih aturan kantong. Kolom alokasi akan terhitung otomatis. Jika persentase pada aturan tidak 100%, cek kolom sisa belum teralokasi. Sheet ini adalah inti simulasi autopilot pembagian uang.
A5: Tanggal | B5: Sumber Pemasukan | C5: Nominal Masuk | D5: Klien/Proyek | E5: Aturan Dipakai | F5: Pajak % | G5: Tabungan % | H5: Alokasi Pajak | I5: Alokasi Tabungan | J5: Alokasi Operasional | K5: Alokasi Pribadi | L5: Sisa Belum Teralokasi | M5: Catatan
A6: 2026-09-01 | B6: Klien Retainer | C6: 7500000 | D6: Retainer Brand A | E6: Retainer Stabil | F6: =IFERROR(XLOOKUP(E6,'Aturan Kantong'!A:A,'Aturan Kantong'!C:C),0) | G6: =IFERROR(XLOOKUP(E6,'Aturan Kantong'!A:A,'Aturan Kantong'!D:D),0) | H6: =C6*F6 | I6: =C6*G6 | J6: =C6*IFERROR(XLOOKUP(E6,'Aturan Kantong'!A:A,'Aturan Kantong'!E:E),0) | K6: =C6*IFERROR(XLOOKUP(E6,'Aturan Kantong'!A:A,'Aturan Kantong'!F:F),0) | L6: =C6-(H6+I6+J6+K6+(C6*IFERROR(XLOOKUP(E6,'Aturan Kantong'!A:A,'Aturan Kantong'!G:G),0))) | M6: Pembayaran bulanan
A7: 2026-09-03 | B7: Proyek Sekali | C7: 12000000 | D7: Website Klien B | E7: Proyek Besar | F7: =IFERROR(XLOOKUP(E7,'Aturan Kantong'!A:A,'Aturan Kantong'!C:C),0) | G7: =IFERROR(XLOOKUP(E7,'Aturan Kantong'!A:A,'Aturan Kantong'!D:D),0) | H7: =C7*F7 | I7: =C7*G7 | J7: =C7*IFERROR(XLOOKUP(E7,'Aturan Kantong'!A:A,'Aturan Kantong'!E:E),0) | K7: =C7*IFERROR(XLOOKUP(E7,'Aturan Kantong'!A:A,'Aturan Kantong'!F:F),0) | L7: =C7-(H7+I7+J7+K7+(C7*IFERROR(XLOOKUP(E7,'Aturan Kantong'!A:A,'Aturan Kantong'!G:G),0))) | M7: DP tahap 1
A8: 2026-09-05 | B8: Konsultasi | C8: 1500000 | D8: Sesi Strategi C | E8: Konsultasi Cepat | F8: =IFERROR(XLOOKUP(E8,'Aturan Kantong'!A:A,'Aturan Kantong'!C:C),0) | G8: =IFERROR(XLOOKUP(E8,'Aturan Kantong'!A:A,'Aturan Kantong'!D:D),0) | H8: =C8*F8 | I8: =C8*G8 | J8: =C8*IFERROR(XLOOKUP(E8,'Aturan Kantong'!A:A,'Aturan Kantong'!E:E),0) | K8: =C8*IFERROR(XLOOKUP(E8,'Aturan Kantong'!A:A,'Aturan Kantong'!F:F),0) | L8: =C8-(H8+I8+J8+K8+(C8*IFERROR(XLOOKUP(E8,'Aturan Kantong'!A:A,'Aturan Kantong'!G:G),0))) | M8: Bayar lunas
A9: 2026-09-08 | B9: Marketplace | C9: 2200000 | D9: Penjualan template | E9: Default Freelancer | F9: =IFERROR(XLOOKUP(E9,'Aturan Kantong'!A:A,'Aturan Kantong'!C:C),0) | G9: =IFERROR(XLOOKUP(E9,'Aturan Kantong'!A:A,'Aturan Kantong'!D:D),0) | H9: =C9*F9 | I9: =C9*G9 | J9: =C9*IFERROR(XLOOKUP(E9,'Aturan Kantong'!A:A,'Aturan Kantong'!E:E),0) | K9: =C9*IFERROR(XLOOKUP(E9,'Aturan Kantong'!A:A,'Aturan Kantong'!F:F),0) | L9: =C9-(H9+I9+J9+K9+(C9*IFERROR(XLOOKUP(E9,'Aturan Kantong'!A:A,'Aturan Kantong'!G:G),0))) | M9: Payout mingguan
A10: 2026-09-10 | B10: Afiliasi | C10: 900000 | D10: Komisi tools | E10: Default Freelancer | F10: =IFERROR(XLOOKUP(E10,'Aturan Kantong'!A:A,'Aturan Kantong'!C:C),0) | G10: =IFERROR(XLOOKUP(E10,'Aturan Kantong'!A:A,'Aturan Kantong'!D:D),0) | H10: =C10*F10 | I10: =C10*G10 | J10: =C10*IFERROR(XLOOKUP(E10,'Aturan Kantong'!A:A,'Aturan Kantong'!E:E),0) | K10: =C10*IFERROR(XLOOKUP(E10,'Aturan Kantong'!A:A,'Aturan Kantong'!F:F),0) | L10: =C10-(H10+I10+J10+K10+(C10*IFERROR(XLOOKUP(E10,'Aturan Kantong'!A:A,'Aturan Kantong'!G:G),0))) | M10: Komisi bulanan
F11: =IFERROR(XLOOKUP(E11,'Aturan Kantong'!A:A,'Aturan Kantong'!C:C),0) | G11: =IFERROR(XLOOKUP(E11,'Aturan Kantong'!A:A,'Aturan Kantong'!D:D),0) | H11: =C11*F11 | I11: =C11*G11 | J11: =C11*IFERROR(XLOOKUP(E11,'Aturan Kantong'!A:A,'Aturan Kantong'!E:E),0) | K11: =C11*IFERROR(XLOOKUP(E11,'Aturan Kantong'!A:A,'Aturan Kantong'!F:F),0) | L11: =C11-(H11+I11+J11+K11+(C11*IFERROR(XLOOKUP(E11,'Aturan Kantong'!A:A,'Aturan Kantong'!G:G),0)))
F12: =IFERROR(XLOOKUP(E12,'Aturan Kantong'!A:A,'Aturan Kantong'!C:C),0) | G12: =IFERROR(XLOOKUP(E12,'Aturan Kantong'!A:A,'Aturan Kantong'!D:D),0) | H12: =C12*F12 | I12: =C12*G12 | J12: =C12*IFERROR(XLOOKUP(E12,'Aturan Kantong'!A:A,'Aturan Kantong'!E:E),0) | K12: =C12*IFERROR(XLOOKUP(E12,'Aturan Kantong'!A:A,'Aturan Kantong'!F:F),0) | L12: =C12-(H12+I12+J12+K12+(C12*IFERROR(XLOOKUP(E12,'Aturan Kantong'!A:A,'Aturan Kantong'!G:G),0)))
F13: =IFERROR(XLOOKUP(E13,'Aturan Kantong'!A:A,'Aturan Kantong'!C:C),0) | G13: =IFERROR(XLOOKUP(E13,'Aturan Kantong'!A:A,'Aturan Kantong'!D:D),0) | H13: =C13*F13 | I13: =C13*G13 | J13: =C13*IFERROR(XLOOKUP(E13,'Aturan Kantong'!A:A,'Aturan Kantong'!E:E),0) | K13: =C13*IFERROR(XLOOKUP(E13,'Aturan Kantong'!A:A,'Aturan Kantong'!F:F),0) | L13: =C13-(H13+I13+J13+K13+(C13*IFERROR(XLOOKUP(E13,'Aturan Kantong'!A:A,'Aturan Kantong'!G:G),0)))
A15: Total pemasukan | B15: =SUM(C6:C13)
A16: Total alokasi pajak | G16: =SUM(H6:H13)
A17: Total alokasi tabungan | H17: =SUM(I6:I13)
A18: Total alokasi operasional | I18: =SUM(J6:J13)
A19: Total alokasi pribadi | J19: =SUM(K6:K13)
A20: Total sisa belum teralokasi | K20: =SUM(L6:L13)

Sheet Status Kantong
A1: Status Kantong
A2: Merangkum saldo per kantong, membandingkan dengan target minimum, dan menunjukkan apakah kantong sudah aman atau masih perlu top up.
A3: Sheet ini tidak perlu banyak input manual. Isi nama kantong dan target minimum sesuai kebutuhan bila ingin menyesuaikan. Saldo aktual diambil dari sheet Transaksi Masuk. Gunakan kolom kekurangan untuk menentukan prioritas alokasi berikutnya.
A5: Nama Kantong | B5: Saldo Aktual | C5: Target Minimum | D5: Selisih | E5: Butuh Top Up | F5: Status
A6: Pajak | B6: =IF(A6="Pajak",SUM('Transaksi Masuk'!H:H),IF(A6="Tabungan",SUM('Transaksi Masuk'!I:I),IF(A6="Operasional",SUM('Transaksi Masuk'!J:J),IF(A6="Pribadi",SUM('Transaksi Masuk'!K:K),SUMPRODUCT('Transaksi Masuk'!C:C*IFERROR(XLOOKUP('Transaksi Masuk'!E:E,'Aturan Kantong'!A:A,'Aturan Kantong'!G:G),0)))))) | C6: 5000000 | D6: =B6-C6 | E6: =MAX(C6-B6,0) | F6: =IF(B6>=C6,"Aman","Perlu Isi")
A7: Tabungan | B7: =IF(A7="Pajak",SUM('Transaksi Masuk'!H:H),IF(A7="Tabungan",SUM('Transaksi Masuk'!I:I),IF(A7="Operasional",SUM('Transaksi Masuk'!J:J),IF(A7="Pribadi",SUM('Transaksi Masuk'!K:K),SUMPRODUCT('Transaksi Masuk'!C:C*IFERROR(XLOOKUP('Transaksi Masuk'!E:E,'Aturan Kantong'!A:A,'Aturan Kantong'!G:G),0)))))) | C7: 10000000 | D7: =B7-C7 | E7: =MAX(C7-B7,0) | F7: =IF(B7>=C7,"Aman","Perlu Isi")
A8: Operasional | B8: =IF(A8="Pajak",SUM('Transaksi Masuk'!H:H),IF(A8="Tabungan",SUM('Transaksi Masuk'!I:I),IF(A8="Operasional",SUM('Transaksi Masuk'!J:J),IF(A8="Pribadi",SUM('Transaksi Masuk'!K:K),SUMPRODUCT('Transaksi Masuk'!C:C*IFERROR(XLOOKUP('Transaksi Masuk'!E:E,'Aturan Kantong'!A:A,'Aturan Kantong'!G:G),0)))))) | C8: 3000000 | D8: =B8-C8 | E8: =MAX(C8-B8,0) | F8: =IF(B8>=C8,"Aman","Perlu Isi")
A9: Pribadi | B9: =IF(A9="Pajak",SUM('Transaksi Masuk'!H:H),IF(A9="Tabungan",SUM('Transaksi Masuk'!I:I),IF(A9="Operasional",SUM('Transaksi Masuk'!J:J),IF(A9="Pribadi",SUM('Transaksi Masuk'!K:K),SUMPRODUCT('Transaksi Masuk'!C:C*IFERROR(XLOOKUP('Transaksi Masuk'!E:E,'Aturan Kantong'!A:A,'Aturan Kantong'!G:G),0)))))) | C9: 0 | D9: =B9-C9 | E9: =MAX(C9-B9,0) | F9: =IF(B9>=C9,"Aman","Perlu Isi")
A10: Dana Darurat | B10: =IF(A10="Pajak",SUM('Transaksi Masuk'!H:H),IF(A10="Tabungan",SUM('Transaksi Masuk'!I:I),IF(A10="Operasional",SUM('Transaksi Masuk'!J:J),IF(A10="Pribadi",SUM('Transaksi Masuk'!K:K),SUMPRODUCT('Transaksi Masuk'!C:C*IFERROR(XLOOKUP('Transaksi Masuk'!E:E,'Aturan Kantong'!A:A,'Aturan Kantong'!G:G),0)))))) | C10: 15000000 | D10: =B10-C10 | E10: =MAX(C10-B10,0) | F10: =IF(B10>=C10,"Aman","Perlu Isi")
B11: =IF(A11="Pajak",SUM('Transaksi Masuk'!H:H),IF(A11="Tabungan",SUM('Transaksi Masuk'!I:I),IF(A11="Operasional",SUM('Transaksi Masuk'!J:J),IF(A11="Pribadi",SUM('Transaksi Masuk'!K:K),SUMPRODUCT('Transaksi Masuk'!C:C*IFERROR(XLOOKUP('Transaksi Masuk'!E:E,'Aturan Kantong'!A:A,'Aturan Kantong'!G:G),0)))))) | D11: =B11-C11 | E11: =MAX(C11-B11,0) | F11: =IF(B11>=C11,"Aman","Perlu Isi")
B12: =IF(A12="Pajak",SUM('Transaksi Masuk'!H:H),IF(A12="Tabungan",SUM('Transaksi Masuk'!I:I),IF(A12="Operasional",SUM('Transaksi Masuk'!J:J),IF(A12="Pribadi",SUM('Transaksi Masuk'!K:K),SUMPRODUCT('Transaksi Masuk'!C:C*IFERROR(XLOOKUP('Transaksi Masuk'!E:E,'Aturan Kantong'!A:A,'Aturan Kantong'!G:G),0)))))) | D12: =B12-C12 | E12: =MAX(C12-B12,0) | F12: =IF(B12>=C12,"Aman","Perlu Isi")
B13: =IF(A13="Pajak",SUM('Transaksi Masuk'!H:H),IF(A13="Tabungan",SUM('Transaksi Masuk'!I:I),IF(A13="Operasional",SUM('Transaksi Masuk'!J:J),IF(A13="Pribadi",SUM('Transaksi Masuk'!K:K),SUMPRODUCT('Transaksi Masuk'!C:C*IFERROR(XLOOKUP('Transaksi Masuk'!E:E,'Aturan Kantong'!A:A,'Aturan Kantong'!G:G),0)))))) | D13: =B13-C13 | E13: =MAX(C13-B13,0) | F13: =IF(B13>=C13,"Aman","Perlu Isi")
A15: =SUM(B6:B13)
A16: Total target minimum | B16: =SUM(C6:C13)
A17: Total kebutuhan top up | D17: =SUM(E6:E13)
