Workbook

Sheet Input & Kalkulasi
A1: Input & Kalkulasi
A2: Menghitung persentase alokasi aman untuk pajak, operasional, tabungan, dan kebutuhan pribadi berdasarkan rata-rata pemasukan bulanan serta biaya minimum bulanan.
A3: Isi hanya kolom Nilai pada setiap baris. Untuk baris persentase pajak, isi dalam format persen. Baris hasil akan menghitung nominal dan persentase aman secara otomatis. Gunakan hasil persentase rekomendasi sebagai acuan pembagian setiap pembayaran masuk.
A5: Komponen | B5: Nilai | C5: Keterangan/Hasil
A6: Rata-rata pemasukan bulanan | B6: 15000000 | C6: =IF(A6="Rata-rata pemasukan bulanan",B6,IF(A6="Biaya minimum pribadi bulanan",B6,IF(A6="Biaya operasional bisnis bulanan",B6,IF(A6="Target tabungan bulanan",B6,IF(A6="Persentase pajak",B6,IF(A6="Nominal pajak bulanan",B2*B6,IF(A6="Sisa setelah pajak",B2-C7,IF(A6="Total kebutuhan tetap",B3+B4+B5,IF(A6="Sisa/Buffer",C8-C9,IF(A6="% Pajak Aman",C7/B2,IF(A6="% Operasional Aman",B4/B2,IF(A6="% Tabungan Aman",B5/B2,IF(A6="% Pribadi Aman",B3/B2,IF(A6="% Buffer",C10/B2,IF(A6="Total % Alokasi",C11+C12+C13+C14+C15,"")))))))))))))))
A7: Biaya minimum pribadi bulanan | B7: 6000000 | C7: =IF(A7="Rata-rata pemasukan bulanan",B7,IF(A7="Biaya minimum pribadi bulanan",B7,IF(A7="Biaya operasional bisnis bulanan",B7,IF(A7="Target tabungan bulanan",B7,IF(A7="Persentase pajak",B7,IF(A7="Nominal pajak bulanan",B2*B6,IF(A7="Sisa setelah pajak",B2-C7,IF(A7="Total kebutuhan tetap",B3+B4+B5,IF(A7="Sisa/Buffer",C8-C9,IF(A7="% Pajak Aman",C7/B2,IF(A7="% Operasional Aman",B4/B2,IF(A7="% Tabungan Aman",B5/B2,IF(A7="% Pribadi Aman",B3/B2,IF(A7="% Buffer",C10/B2,IF(A7="Total % Alokasi",C11+C12+C13+C14+C15,"")))))))))))))))
A8: Biaya operasional bisnis bulanan | B8: 2500000 | C8: =IF(A8="Rata-rata pemasukan bulanan",B8,IF(A8="Biaya minimum pribadi bulanan",B8,IF(A8="Biaya operasional bisnis bulanan",B8,IF(A8="Target tabungan bulanan",B8,IF(A8="Persentase pajak",B8,IF(A8="Nominal pajak bulanan",B2*B6,IF(A8="Sisa setelah pajak",B2-C7,IF(A8="Total kebutuhan tetap",B3+B4+B5,IF(A8="Sisa/Buffer",C8-C9,IF(A8="% Pajak Aman",C7/B2,IF(A8="% Operasional Aman",B4/B2,IF(A8="% Tabungan Aman",B5/B2,IF(A8="% Pribadi Aman",B3/B2,IF(A8="% Buffer",C10/B2,IF(A8="Total % Alokasi",C11+C12+C13+C14+C15,"")))))))))))))))
A9: Target tabungan bulanan | B9: 2000000 | C9: =IF(A9="Rata-rata pemasukan bulanan",B9,IF(A9="Biaya minimum pribadi bulanan",B9,IF(A9="Biaya operasional bisnis bulanan",B9,IF(A9="Target tabungan bulanan",B9,IF(A9="Persentase pajak",B9,IF(A9="Nominal pajak bulanan",B2*B6,IF(A9="Sisa setelah pajak",B2-C7,IF(A9="Total kebutuhan tetap",B3+B4+B5,IF(A9="Sisa/Buffer",C8-C9,IF(A9="% Pajak Aman",C7/B2,IF(A9="% Operasional Aman",B4/B2,IF(A9="% Tabungan Aman",B5/B2,IF(A9="% Pribadi Aman",B3/B2,IF(A9="% Buffer",C10/B2,IF(A9="Total % Alokasi",C11+C12+C13+C14+C15,"")))))))))))))))
A10: Persentase pajak | B10: 0.1 | C10: =IF(A10="Rata-rata pemasukan bulanan",B10,IF(A10="Biaya minimum pribadi bulanan",B10,IF(A10="Biaya operasional bisnis bulanan",B10,IF(A10="Target tabungan bulanan",B10,IF(A10="Persentase pajak",B10,IF(A10="Nominal pajak bulanan",B2*B6,IF(A10="Sisa setelah pajak",B2-C7,IF(A10="Total kebutuhan tetap",B3+B4+B5,IF(A10="Sisa/Buffer",C8-C9,IF(A10="% Pajak Aman",C7/B2,IF(A10="% Operasional Aman",B4/B2,IF(A10="% Tabungan Aman",B5/B2,IF(A10="% Pribadi Aman",B3/B2,IF(A10="% Buffer",C10/B2,IF(A10="Total % Alokasi",C11+C12+C13+C14+C15,"")))))))))))))))
A11: Nominal pajak bulanan | C11: =IF(A11="Rata-rata pemasukan bulanan",B11,IF(A11="Biaya minimum pribadi bulanan",B11,IF(A11="Biaya operasional bisnis bulanan",B11,IF(A11="Target tabungan bulanan",B11,IF(A11="Persentase pajak",B11,IF(A11="Nominal pajak bulanan",B2*B6,IF(A11="Sisa setelah pajak",B2-C7,IF(A11="Total kebutuhan tetap",B3+B4+B5,IF(A11="Sisa/Buffer",C8-C9,IF(A11="% Pajak Aman",C7/B2,IF(A11="% Operasional Aman",B4/B2,IF(A11="% Tabungan Aman",B5/B2,IF(A11="% Pribadi Aman",B3/B2,IF(A11="% Buffer",C10/B2,IF(A11="Total % Alokasi",C11+C12+C13+C14+C15,"")))))))))))))))
A12: Sisa setelah pajak | C12: =IF(A12="Rata-rata pemasukan bulanan",B12,IF(A12="Biaya minimum pribadi bulanan",B12,IF(A12="Biaya operasional bisnis bulanan",B12,IF(A12="Target tabungan bulanan",B12,IF(A12="Persentase pajak",B12,IF(A12="Nominal pajak bulanan",B2*B6,IF(A12="Sisa setelah pajak",B2-C7,IF(A12="Total kebutuhan tetap",B3+B4+B5,IF(A12="Sisa/Buffer",C8-C9,IF(A12="% Pajak Aman",C7/B2,IF(A12="% Operasional Aman",B4/B2,IF(A12="% Tabungan Aman",B5/B2,IF(A12="% Pribadi Aman",B3/B2,IF(A12="% Buffer",C10/B2,IF(A12="Total % Alokasi",C11+C12+C13+C14+C15,"")))))))))))))))
A13: Total kebutuhan tetap | C13: =IF(A13="Rata-rata pemasukan bulanan",B13,IF(A13="Biaya minimum pribadi bulanan",B13,IF(A13="Biaya operasional bisnis bulanan",B13,IF(A13="Target tabungan bulanan",B13,IF(A13="Persentase pajak",B13,IF(A13="Nominal pajak bulanan",B2*B6,IF(A13="Sisa setelah pajak",B2-C7,IF(A13="Total kebutuhan tetap",B3+B4+B5,IF(A13="Sisa/Buffer",C8-C9,IF(A13="% Pajak Aman",C7/B2,IF(A13="% Operasional Aman",B4/B2,IF(A13="% Tabungan Aman",B5/B2,IF(A13="% Pribadi Aman",B3/B2,IF(A13="% Buffer",C10/B2,IF(A13="Total % Alokasi",C11+C12+C13+C14+C15,"")))))))))))))))
A14: Sisa/Buffer | C14: =IF(A14="Rata-rata pemasukan bulanan",B14,IF(A14="Biaya minimum pribadi bulanan",B14,IF(A14="Biaya operasional bisnis bulanan",B14,IF(A14="Target tabungan bulanan",B14,IF(A14="Persentase pajak",B14,IF(A14="Nominal pajak bulanan",B2*B6,IF(A14="Sisa setelah pajak",B2-C7,IF(A14="Total kebutuhan tetap",B3+B4+B5,IF(A14="Sisa/Buffer",C8-C9,IF(A14="% Pajak Aman",C7/B2,IF(A14="% Operasional Aman",B4/B2,IF(A14="% Tabungan Aman",B5/B2,IF(A14="% Pribadi Aman",B3/B2,IF(A14="% Buffer",C10/B2,IF(A14="Total % Alokasi",C11+C12+C13+C14+C15,"")))))))))))))))
A15: % Pajak Aman | C15: =IF(A15="Rata-rata pemasukan bulanan",B15,IF(A15="Biaya minimum pribadi bulanan",B15,IF(A15="Biaya operasional bisnis bulanan",B15,IF(A15="Target tabungan bulanan",B15,IF(A15="Persentase pajak",B15,IF(A15="Nominal pajak bulanan",B2*B6,IF(A15="Sisa setelah pajak",B2-C7,IF(A15="Total kebutuhan tetap",B3+B4+B5,IF(A15="Sisa/Buffer",C8-C9,IF(A15="% Pajak Aman",C7/B2,IF(A15="% Operasional Aman",B4/B2,IF(A15="% Tabungan Aman",B5/B2,IF(A15="% Pribadi Aman",B3/B2,IF(A15="% Buffer",C10/B2,IF(A15="Total % Alokasi",C11+C12+C13+C14+C15,"")))))))))))))))
A16: % Operasional Aman | C16: =IF(A16="Rata-rata pemasukan bulanan",B16,IF(A16="Biaya minimum pribadi bulanan",B16,IF(A16="Biaya operasional bisnis bulanan",B16,IF(A16="Target tabungan bulanan",B16,IF(A16="Persentase pajak",B16,IF(A16="Nominal pajak bulanan",B2*B6,IF(A16="Sisa setelah pajak",B2-C7,IF(A16="Total kebutuhan tetap",B3+B4+B5,IF(A16="Sisa/Buffer",C8-C9,IF(A16="% Pajak Aman",C7/B2,IF(A16="% Operasional Aman",B4/B2,IF(A16="% Tabungan Aman",B5/B2,IF(A16="% Pribadi Aman",B3/B2,IF(A16="% Buffer",C10/B2,IF(A16="Total % Alokasi",C11+C12+C13+C14+C15,"")))))))))))))))
A17: % Tabungan Aman | C17: =IF(A17="Rata-rata pemasukan bulanan",B17,IF(A17="Biaya minimum pribadi bulanan",B17,IF(A17="Biaya operasional bisnis bulanan",B17,IF(A17="Target tabungan bulanan",B17,IF(A17="Persentase pajak",B17,IF(A17="Nominal pajak bulanan",B2*B6,IF(A17="Sisa setelah pajak",B2-C7,IF(A17="Total kebutuhan tetap",B3+B4+B5,IF(A17="Sisa/Buffer",C8-C9,IF(A17="% Pajak Aman",C7/B2,IF(A17="% Operasional Aman",B4/B2,IF(A17="% Tabungan Aman",B5/B2,IF(A17="% Pribadi Aman",B3/B2,IF(A17="% Buffer",C10/B2,IF(A17="Total % Alokasi",C11+C12+C13+C14+C15,"")))))))))))))))
A18: % Pribadi Aman | C18: =IF(A18="Rata-rata pemasukan bulanan",B18,IF(A18="Biaya minimum pribadi bulanan",B18,IF(A18="Biaya operasional bisnis bulanan",B18,IF(A18="Target tabungan bulanan",B18,IF(A18="Persentase pajak",B18,IF(A18="Nominal pajak bulanan",B2*B6,IF(A18="Sisa setelah pajak",B2-C7,IF(A18="Total kebutuhan tetap",B3+B4+B5,IF(A18="Sisa/Buffer",C8-C9,IF(A18="% Pajak Aman",C7/B2,IF(A18="% Operasional Aman",B4/B2,IF(A18="% Tabungan Aman",B5/B2,IF(A18="% Pribadi Aman",B3/B2,IF(A18="% Buffer",C10/B2,IF(A18="Total % Alokasi",C11+C12+C13+C14+C15,"")))))))))))))))
A19: % Buffer | C19: =IF(A19="Rata-rata pemasukan bulanan",B19,IF(A19="Biaya minimum pribadi bulanan",B19,IF(A19="Biaya operasional bisnis bulanan",B19,IF(A19="Target tabungan bulanan",B19,IF(A19="Persentase pajak",B19,IF(A19="Nominal pajak bulanan",B2*B6,IF(A19="Sisa setelah pajak",B2-C7,IF(A19="Total kebutuhan tetap",B3+B4+B5,IF(A19="Sisa/Buffer",C8-C9,IF(A19="% Pajak Aman",C7/B2,IF(A19="% Operasional Aman",B4/B2,IF(A19="% Tabungan Aman",B5/B2,IF(A19="% Pribadi Aman",B3/B2,IF(A19="% Buffer",C10/B2,IF(A19="Total % Alokasi",C11+C12+C13+C14+C15,"")))))))))))))))
A20: Total % Alokasi | C20: =IF(A20="Rata-rata pemasukan bulanan",B20,IF(A20="Biaya minimum pribadi bulanan",B20,IF(A20="Biaya operasional bisnis bulanan",B20,IF(A20="Target tabungan bulanan",B20,IF(A20="Persentase pajak",B20,IF(A20="Nominal pajak bulanan",B2*B6,IF(A20="Sisa setelah pajak",B2-C7,IF(A20="Total kebutuhan tetap",B3+B4+B5,IF(A20="Sisa/Buffer",C8-C9,IF(A20="% Pajak Aman",C7/B2,IF(A20="% Operasional Aman",B4/B2,IF(A20="% Tabungan Aman",B5/B2,IF(A20="% Pribadi Aman",B3/B2,IF(A20="% Buffer",C10/B2,IF(A20="Total % Alokasi",C11+C12+C13+C14+C15,"")))))))))))))))
C21: =IF(A21="Rata-rata pemasukan bulanan",B21,IF(A21="Biaya minimum pribadi bulanan",B21,IF(A21="Biaya operasional bisnis bulanan",B21,IF(A21="Target tabungan bulanan",B21,IF(A21="Persentase pajak",B21,IF(A21="Nominal pajak bulanan",B2*B6,IF(A21="Sisa setelah pajak",B2-C7,IF(A21="Total kebutuhan tetap",B3+B4+B5,IF(A21="Sisa/Buffer",C8-C9,IF(A21="% Pajak Aman",C7/B2,IF(A21="% Operasional Aman",B4/B2,IF(A21="% Tabungan Aman",B5/B2,IF(A21="% Pribadi Aman",B3/B2,IF(A21="% Buffer",C10/B2,IF(A21="Total % Alokasi",C11+C12+C13+C14+C15,"")))))))))))))))
C22: =IF(A22="Rata-rata pemasukan bulanan",B22,IF(A22="Biaya minimum pribadi bulanan",B22,IF(A22="Biaya operasional bisnis bulanan",B22,IF(A22="Target tabungan bulanan",B22,IF(A22="Persentase pajak",B22,IF(A22="Nominal pajak bulanan",B2*B6,IF(A22="Sisa setelah pajak",B2-C7,IF(A22="Total kebutuhan tetap",B3+B4+B5,IF(A22="Sisa/Buffer",C8-C9,IF(A22="% Pajak Aman",C7/B2,IF(A22="% Operasional Aman",B4/B2,IF(A22="% Tabungan Aman",B5/B2,IF(A22="% Pribadi Aman",B3/B2,IF(A22="% Buffer",C10/B2,IF(A22="Total % Alokasi",C11+C12+C13+C14+C15,"")))))))))))))))
C23: =IF(A23="Rata-rata pemasukan bulanan",B23,IF(A23="Biaya minimum pribadi bulanan",B23,IF(A23="Biaya operasional bisnis bulanan",B23,IF(A23="Target tabungan bulanan",B23,IF(A23="Persentase pajak",B23,IF(A23="Nominal pajak bulanan",B2*B6,IF(A23="Sisa setelah pajak",B2-C7,IF(A23="Total kebutuhan tetap",B3+B4+B5,IF(A23="Sisa/Buffer",C8-C9,IF(A23="% Pajak Aman",C7/B2,IF(A23="% Operasional Aman",B4/B2,IF(A23="% Tabungan Aman",B5/B2,IF(A23="% Pribadi Aman",B3/B2,IF(A23="% Buffer",C10/B2,IF(A23="Total % Alokasi",C11+C12+C13+C14+C15,"")))))))))))))))

Sheet Simulasi Pembayaran Masuk
A1: Simulasi Pembayaran Masuk
A2: Menerapkan persentase aman ke setiap pembayaran masuk agar nominal yang dipindahkan ke tiap kantong langsung terlihat.
A3: Isi tanggal, sumber pembayaran, dan nominal masuk. Kolom persentase akan otomatis mengambil hasil dari sheet Input & Kalkulasi. Nominal alokasi per kantong akan terhitung otomatis untuk setiap pembayaran.
A5: Tanggal | B5: Sumber Pembayaran | C5: Nominal Masuk | D5: % Pajak | E5: % Operasional | F5: % Tabungan | G5: % Pribadi | H5: Pajak | I5: Operasional | J5: Tabungan | K5: Pribadi | L5: Buffer
A6: 2026-09-01 | B6: Proyek Desain Logo | C6: 3500000 | D6: ='Input & Kalkulasi'!C11 | E6: ='Input & Kalkulasi'!C12 | F6: ='Input & Kalkulasi'!C13 | G6: ='Input & Kalkulasi'!C14 | H6: =C6*D6 | I6: =C6*E6 | J6: =C6*F6 | K6: =C6*G6 | L6: =C6-H6-I6-J6-K6
A7: 2026-09-03 | B7: Retainer Konten Bulanan | C7: 5000000 | D7: ='Input & Kalkulasi'!C11 | E7: ='Input & Kalkulasi'!C12 | F7: ='Input & Kalkulasi'!C13 | G7: ='Input & Kalkulasi'!C14 | H7: =C7*D7 | I7: =C7*E7 | J7: =C7*F7 | K7: =C7*G7 | L7: =C7-H7-I7-J7-K7
A8: 2026-09-06 | B8: Landing Page Klien A | C8: 2750000 | D8: ='Input & Kalkulasi'!C11 | E8: ='Input & Kalkulasi'!C12 | F8: ='Input & Kalkulasi'!C13 | G8: ='Input & Kalkulasi'!C14 | H8: =C8*D8 | I8: =C8*E8 | J8: =C8*F8 | K8: =C8*G8 | L8: =C8-H8-I8-J8-K8
A9: 2026-09-10 | B9: Revisi Tambahan | C9: 650000 | D9: ='Input & Kalkulasi'!C11 | E9: ='Input & Kalkulasi'!C12 | F9: ='Input & Kalkulasi'!C13 | G9: ='Input & Kalkulasi'!C14 | H9: =C9*D9 | I9: =C9*E9 | J9: =C9*F9 | K9: =C9*G9 | L9: =C9-H9-I9-J9-K9
A10: 2026-09-12 | B10: Konsultasi 2 Jam | C10: 1200000 | D10: ='Input & Kalkulasi'!C11 | E10: ='Input & Kalkulasi'!C12 | F10: ='Input & Kalkulasi'!C13 | G10: ='Input & Kalkulasi'!C14 | H10: =C10*D10 | I10: =C10*E10 | J10: =C10*F10 | K10: =C10*G10 | L10: =C10-H10-I10-J10-K10
A11: 2026-09-15 | B11: Proyek Copywriting | C11: 4100000 | D11: ='Input & Kalkulasi'!C11 | E11: ='Input & Kalkulasi'!C12 | F11: ='Input & Kalkulasi'!C13 | G11: ='Input & Kalkulasi'!C14 | H11: =C11*D11 | I11: =C11*E11 | J11: =C11*F11 | K11: =C11*G11 | L11: =C11-H11-I11-J11-K11
A12: 2026-09-18 | B12: Maintenance Website | C12: 1800000 | D12: ='Input & Kalkulasi'!C11 | E12: ='Input & Kalkulasi'!C12 | F12: ='Input & Kalkulasi'!C13 | G12: ='Input & Kalkulasi'!C14 | H12: =C12*D12 | I12: =C12*E12 | J12: =C12*F12 | K12: =C12*G12 | L12: =C12-H12-I12-J12-K12
D13: ='Input & Kalkulasi'!C11 | E13: ='Input & Kalkulasi'!C12 | F13: ='Input & Kalkulasi'!C13 | G13: ='Input & Kalkulasi'!C14 | H13: =C13*D13 | I13: =C13*E13 | J13: =C13*F13 | K13: =C13*G13 | L13: =C13-H13-I13-J13-K13
D14: ='Input & Kalkulasi'!C11 | E14: ='Input & Kalkulasi'!C12 | F14: ='Input & Kalkulasi'!C13 | G14: ='Input & Kalkulasi'!C14 | H14: =C14*D14 | I14: =C14*E14 | J14: =C14*F14 | K14: =C14*G14 | L14: =C14-H14-I14-J14-K14
D15: ='Input & Kalkulasi'!C11 | E15: ='Input & Kalkulasi'!C12 | F15: ='Input & Kalkulasi'!C13 | G15: ='Input & Kalkulasi'!C14 | H15: =C15*D15 | I15: =C15*E15 | J15: =C15*F15 | K15: =C15*G15 | L15: =C15-H15-I15-J15-K15
A17: Total Nominal Masuk | B17: =SUM(C2:C8)
A18: Total Pajak | G18: =SUM(H2:H8)
A19: Total Operasional | H19: =SUM(I2:I8)
A20: Total Tabungan | I20: =SUM(J2:J8)
A21: Total Pribadi | J21: =SUM(K2:K8)
A22: Total Buffer | K22: =SUM(L2:L8)
