Workbook

Sheet Petunjuk & Ringkasan
A1: Petunjuk & Ringkasan
A2: Memberi panduan penggunaan singkat dan menampilkan angka inti bulanan agar pengguna bisa cek kondisi keuangan dalam beberapa menit.
A3: Urutan pakai: 1) Isi target persentase di sheet Amplop Digital. 2) Catat semua pemasukan dan pengeluaran di sheet Arus Kas Bulanan. 3) Cek ringkasan di sheet ini setiap akhir bulan. Fokus utama: pastikan pajak, dana aman, dan biaya hidup terisi sebelum uang dipakai.
A5: Bagian | B5: Nilai | C5: Keterangan
A6: Total Pemasukan Bulan Ini | B6: =B6 | C6: Jumlah semua pemasukan tercatat
A7: Total Pengeluaran Bulan Ini | B7: =B7 | C7: Jumlah semua pengeluaran tercatat
A8: Arus Kas Bersih | B8: =B8 | C8: Positif = aman, negatif = perlu evaluasi
A9: Setoran Ideal ke Pajak | B9: =B9 | C9: Target alokasi pajak dari pemasukan
A10: Setoran Ideal ke Dana Aman | B10: =B10 | C10: Cadangan untuk bulan sepi
A11: Setoran Ideal ke Tabungan Tujuan | B11: =B11 | C11: Untuk tujuan jangka pendek/menengah
A12: Sisa Siap Pakai | B12: =B12 | C12: Uang yang boleh dipakai untuk hidup & operasional
B13: =B13
B14: =B14
B15: =B15

Sheet Amplop Digital
A1: Amplop Digital
A2: Menentukan pembagian otomatis setiap kali ada pemasukan agar freelancer tidak bingung berapa yang harus disisihkan untuk pajak, kebutuhan hidup, dana aman, dan tabungan.
A3: Isi persentase target sesuai kondisi Anda. Total persentase ideal = 100%. Kolom Alokasi Otomatis menghitung nominal berdasarkan total pemasukan yang tercatat di sheet Arus Kas Bulanan. Gunakan ini sebagai panduan transfer ke rekening/amplop terpisah setiap bulan.
A5: Amplop | B5: Prioritas | C5: Persentase Target | D5: Saldo Awal | E5: Total Pemasukan Bulan Ini | F5: Alokasi Otomatis | G5: Saldo Disarankan Akhir Bulan
A6: Pajak | B6: Wajib | C6: 0.15 | D6: 1500000 | E6: =SUMIFS('Arus Kas Bulanan'!F:F,'Arus Kas Bulanan'!C:C,"Pemasukan") | F6: =C6*E6 | G6: =D6+F6
A7: Biaya Hidup | B7: Wajib | C7: 0.4 | D7: 800000 | E7: =SUMIFS('Arus Kas Bulanan'!F:F,'Arus Kas Bulanan'!C:C,"Pemasukan") | F7: =C7*E7 | G7: =D7+F7
A8: Operasional Kerja | B8: Penting | C8: 0.15 | D8: 250000 | E8: =SUMIFS('Arus Kas Bulanan'!F:F,'Arus Kas Bulanan'!C:C,"Pemasukan") | F8: =C8*E8 | G8: =D8+F8
A9: Dana Aman | B9: Penting | C9: 0.15 | D9: 3000000 | E9: =SUMIFS('Arus Kas Bulanan'!F:F,'Arus Kas Bulanan'!C:C,"Pemasukan") | F9: =C9*E9 | G9: =D9+F9
A10: Tabungan Tujuan | B10: Penting | C10: 0.1 | D10: 500000 | E10: =SUMIFS('Arus Kas Bulanan'!F:F,'Arus Kas Bulanan'!C:C,"Pemasukan") | F10: =C10*E10 | G10: =D10+F10
A11: Hiburan | B11: Fleksibel | C11: 0.05 | D11: 100000 | E11: =SUMIFS('Arus Kas Bulanan'!F:F,'Arus Kas Bulanan'!C:C,"Pemasukan") | F11: =C11*E11 | G11: =D11+F11
E12: =SUMIFS('Arus Kas Bulanan'!F:F,'Arus Kas Bulanan'!C:C,"Pemasukan") | F12: =C12*E12 | G12: =D12+F12
E13: =SUMIFS('Arus Kas Bulanan'!F:F,'Arus Kas Bulanan'!C:C,"Pemasukan") | F13: =C13*E13 | G13: =D13+F13
E14: =SUMIFS('Arus Kas Bulanan'!F:F,'Arus Kas Bulanan'!C:C,"Pemasukan") | F14: =C14*E14 | G14: =D14+F14
A16: Total Persentase | B16: =SUM(C6:C14)
A17: Total Alokasi Otomatis | E17: =SUM(F6:F14)

Sheet Arus Kas Bulanan
A1: Arus Kas Bulanan
A2: Mencatat semua pemasukan dan pengeluaran agar kondisi kas terlihat jelas, termasuk sumber proyek, jenis transaksi, dan dampaknya ke saldo berjalan.
A3: Catat setiap transaksi satu baris. Untuk pemasukan, isi nominal positif dan pilih kategori pemasukan. Untuk pengeluaran, pilih kategori biaya yang sesuai. Sheet ini menjadi sumber utama seluruh ringkasan dan alokasi otomatis.
A5: Tanggal | B5: Deskripsi | C5: Jenis | D5: Kategori | E5: Klien/Metode | F5: Nominal | G5: Masuk | H5: Keluar | I5: Arus Kas Bersih
A6: 2026-09-01 | B6: Pembayaran desain landing page | C6: Pemasukan | D6: Proyek Klien | E6: Klien A - Transfer | F6: 4500000 | G6: =IF(C6="Pemasukan",F6,0) | H6: =IF(C6="Pengeluaran",F6,0) | I6: =G6-H6
A7: 2026-09-02 | B7: Langganan Canva Pro | C7: Pengeluaran | D7: Operasional Kerja | E7: Kartu debit | F7: 95000 | G7: =IF(C7="Pemasukan",F7,0) | H7: =IF(C7="Pengeluaran",F7,0) | I7: =G7-H7
A8: 2026-09-03 | B8: Retainer konten bulanan | C8: Pemasukan | D8: Retainer | E8: Klien B - Transfer | F8: 3000000 | G8: =IF(C8="Pemasukan",F8,0) | H8: =IF(C8="Pengeluaran",F8,0) | I8: =G8-H8
A9: 2026-09-04 | B9: Belanja bulanan | C9: Pengeluaran | D9: Biaya Hidup | E9: QRIS | F9: 1200000 | G9: =IF(C9="Pemasukan",F9,0) | H9: =IF(C9="Pengeluaran",F9,0) | I9: =G9-H9
A10: 2026-09-05 | B10: Setor amplop pajak | C10: Pengeluaran | D10: Pajak | E10: Transfer bank | F10: 1125000 | G10: =IF(C10="Pemasukan",F10,0) | H10: =IF(C10="Pengeluaran",F10,0) | I10: =G10-H10
A11: 2026-09-06 | B11: Setor dana aman | C11: Pengeluaran | D11: Tabungan | E11: Transfer bank | F11: 750000 | G11: =IF(C11="Pemasukan",F11,0) | H11: =IF(C11="Pengeluaran",F11,0) | I11: =G11-H11
G12: =IF(C12="Pemasukan",F12,0) | H12: =IF(C12="Pengeluaran",F12,0) | I12: =G12-H12
G13: =IF(C13="Pemasukan",F13,0) | H13: =IF(C13="Pengeluaran",F13,0) | I13: =G13-H13
G14: =IF(C14="Pemasukan",F14,0) | H14: =IF(C14="Pengeluaran",F14,0) | I14: =G14-H14
A16: Total Nominal | E16: =SUM(F6:F14)
A17: Total Masuk | F17: =SUM(G6:G14)
A18: Total Keluar | G18: =SUM(H6:H14)
A19: Arus Kas Bersih | H19: =SUM(I6:I14)
